id;agreement_no;agreement_date;name;description
1;Agent iterate holistic;2020-10-22;Brand;programming Svalbard & Jan Mayen Islands Fantastic
2;global lavender;2020-10-22;violet;haptic Berkshire
3;Mayotte indexing;2020-10-22;lavender exuding generating;primary Applications transmitter
4;invoice;2020-10-22;enhance reinvent Intelligent Concrete Bike;SDD Savings Account plum
5;Tools Cheese Berkshire;2020-10-22;architect;payment
6;Liaison;2020-10-22;Lithuania;invoice
7;Response;2020-10-22;white;invoice Kwanza
8;input JBOD;2020-10-22;HDD integrated;system Russian Federation copying
9;transmit throughput Gorgeous;2020-10-22;Generic;Palau productize
10;Oregon;2020-10-23;Program Hawaii withdrawal;utilize
