id;code;description;start;status_type
1;e-enable;withdrawal Data Executive;2020-10-22T14:11:27;NONACTIVE
2;Industrial Swiss Franc invoice;Small Granite Cheese synergistic;2020-10-22T08:32:02;ACTIVE
3;Sports backing up;back up Generic Steel Table;2020-10-22T15:36:06;NONACTIVE
4;Configuration mobile;Fish;2020-10-22T06:28:45;NONACTIVE
5;Frozen;invoice Sleek;2020-10-23T02:00:31;NONACTIVE
6;Granite copying USB;transform 24/7;2020-10-22T13:49:46;NONACTIVE
7;parsing Mayotte Rustic Wooden Towels;Accountability Assistant;2020-10-22T12:22:51;ACTIVE
8;Hat;Hills sensor Sleek;2020-10-22T12:30:04;ACTIVE
9;Bedfordshire;Bahraini Dinar;2020-10-22T22:13:01;NONACTIVE
10;Avon;Neck;2020-10-22T23:58:11;NONACTIVE
