id;code;area_code;country_code;contact_number;address_1;address_2;directions;electronic_address
1;Personal Loan Account;responsive out-of-the-box;WF;Dynamic;alarm challenge;target matrix connecting;pink back-end SCSI;Home programming Division
2;reciprocal Rustic Fresh Sausages card;Alabama Games Trinidad and Tobago Dollar;AW;Associate exuding;hack Credit Card Account;driver Tunisian Dinar;Bedfordshire demand-driven Colorado;Corporate Massachusetts
3;Product;Kansas programming redundant;DM;Consultant;Alaska mobile Ergonomic;Corporate THX Division;Northern Mariana Islands;payment methodical Marketing
4;Metal Viaduct;Macedonia transform;AO;Analyst orchid;protocol;1080p Aruba partnerships;program Awesome Soft Mouse throughput;global Gorgeous
5;Connecticut 1080p;full-range program;LC;Borders Handmade;Guinea-Bissau encompassing Rand;Computer Consultant ADP;Investment Account;Georgia enhance reinvent
6;Bedfordshire Beauty;French Guiana;IT;5th generation Regional viral;user-centric Designer;Books;Money Market Account redundant black;calculate cultivate Garden
7;Berkshire synergize Product;disintermediate;ID;Tugrik Dynamic National;client-server hacking;Chief Practical Rubber Hat;Kids Kids User-centric;Greece Borders Delaware
8;1080p;Configuration;UA;Nebraska ivory transmit;sky blue scalable;Open-source;Washington;Concrete Team-oriented
9;Strategist;uniform;GR;Yemen AI;Sleek Licensed Wooden Table markets;Cotton auxiliary back-end;Handcrafted;Soft
10;best-of-breed sensor;haptic Cotton;GP;Maine Buckinghamshire Saudi Arabia;encompassing Points e-business;Incredible Frozen Table Administrator withdrawal;Borders synthesize;productize
