id;address_line_1;address_line_2;city
1;Analyst Implemented Montana;reboot;Lake Judeside
2;Ports Money Market Account;Fields Buckinghamshire FTP;North Letha
3;deposit Books violet;back up;Aufderharstad
4;Applications Designer;Practical Steel Towels withdrawal;Lake Daniellestad
5;Latvian Lats;web services Cambridgeshire;Fridaberg
6;reboot;Towels Cook Islands Buckinghamshire;North Rozella
7;Belize Dollar back up;District;Whiteport
8;Gorgeous Sleek Concrete Shirt program;Norfolk Island demand-driven Dynamic;Wardland
9;hack Illinois;Configurable Concrete;Abdullahview
10;Tactics indexing Borders;US Dollar Tuna;Lake Browntown
